1, Kevin, George, vSimmons@Meevee.org, 929-21-76, Quality Engineer, 2, 0
2, Christina, Berry, KeithGordon@Yakijo.gov, 4-259-849-51-58, Project Manager, 8, 2
3, Cheryl, Clark, voluptas@Fiveclub.org, 617-54-56, Internal Auditor, 2, 1
4, Julia, Snyder, cupiditate@Yombu.mil, 992-69-12, GIS Technical Architect, 6, 1
5, Bobby, Bowman, RebeccaMitchell@Gabtype.biz, 724-71-99, Information Systems Manager, 7, 1
6, Charles, Gilbert, yMcdonald@Oodoo.mil, 8-320-608-82-03, Software Engineer #{N}, 5, 2
7, Jennifer, Dixon, NicholasHunt@Flipbug.com, 003-08-94, Geological Engineer, 3, 4
8, Craig, Foster, 7Lopez@Zoomlounge.edu, 5-142-966-40-84, Analyst Programmer, 9, 3
9, Ashley, Graham, 4Morales@Zoonder.mil, 913-33-05, Junior Executive, 2, 3
10, Denise, Schmidt, 2Sullivan@Meevee.info, 0-545-708-81-07, Chemical Engineer, 8, 7
11, Antonio, Henry, VirginiaWheeler@Skalith.org, 521-52-60, GIS Technical Architect, 6, 1
12, Denise, Banks, aut_voluptatem@Yakidoo.org, 959-33-62, VP Marketing, 9, 11
13, Henry, Ward, 4Mcdonald@Jabberbean.org, 154-70-99, Human Resources Manager, 8, 8
14, Paul, Bryant, eBrown@Dabvine.edu, 385-36-53, Account Representative #{N}, 8, 7
15, Tina, Nelson, iusto_ipsum_in@Voonyx.edu, 7-049-113-33-80, Civil Engineer, 1, 1
16, Joseph, Pierce, zRogers@Devshare.org, 3-631-875-04-75, Quality Engineer, 2, 9
17, Judith, Mason, 5Little@Riffpath.net, 010-80-05, Programmer #{N}, 8, 11
18, Jacqueline, Carr, JeanPowell@Photobean.info, 5-915-916-41-12, Business Systems Development Analyst, 10, 9
19, Kimberly, Ellis, 5Ramirez@Voonyx.com, 908-07-84, Marketing Manager, 8, 10
20, Catherine, Murphy, alias_minus@Demimbu.com, 655-60-17, Accountant #{N}, 6, 7
21, John, Burton, totam_dicta_officiis@Eire.biz, 172-00-18, Nurse Practicioner, 4, 11
22, Tina, Martin, cupiditate_minus_similique@Browsezoom.net, 6-718-015-93-88, Project Manager, 5, 16
23, Lillian, Richards, DonnaSchmidt@Kimia.info, 776-19-24, Engineer #{N}, 4, 8
24, Kathy, Evans, rSimpson@Eamia.info, 909-68-28, Nuclear Power Engineer, 9, 5
25, Anna, Fox, fugiat@Demivee.biz, 9-556-596-41-39, Software Consultant, 10, 4
26, Kevin, Sanders, pRoberts@Zoomzone.org, 059-29-27, Internal Auditor, 8, 4
27, Arthur, Chavez, assumenda_inventore@Dablist.gov, 0-907-110-40-26, VP Product Management, 10, 16
28, Jimmy, Ramirez, officia_adipisci_inventore@Edgeify.info, 800-57-45, Human Resources Assistant #{N}, 1, 26
29, Benjamin, West, nihil_quisquam@Aivee.name, 0-474-876-31-64, Staff Scientist, 9, 8
30, Sean, Woods, quasi@Kwideo.gov, 8-209-322-96-09, Programmer Analyst #{N}, 4, 6
31, Eugene, Cook, iusto_pariatur_voluptas@Twinder.info, 002-43-72, Human Resources Assistant #{N}, 2, 4
32, Alan, Wagner, jJames@Izio.edu, 5-960-129-84-25, Nuclear Power Engineer, 6, 29
33, Jonathan, Banks, qBanks@Demimbu.gov, 752-19-69, Dental Hygienist, 7, 12
34, Albert, Walker, voluptas_et_asperiores@Mycat.com, 119-47-97, Actuary, 2, 23
35, William, Johnson, RubyWright@Jatri.biz, 9-067-965-55-90, Civil Engineer, 4, 17
36, Justin, Johnston, temporibus_aperiam_quam@Browseblab.name, 5-534-604-45-49, Staff Scientist, 4, 1
37, Angela, Gilbert, 4Medina@Jaxnation.com, 163-62-10, Business Systems Development Analyst, 3, 20
38, Jane, Mitchell, AaronStone@LiveZ.gov, 066-08-09, Software Test Engineer #{N}, 8, 27
39, Craig, Green, bBailey@Dynava.name, 425-45-90, Nurse, 8, 5
40, Jerry, Hudson, RobertDunn@Flashdog.biz, 442-94-50, Associate Professor, 7, 21
41, Richard, Rice, zHughes@Linkbuzz.biz, 9-416-240-00-76, Recruiting Manager, 4, 7
42, Theresa, George, AndreaFreeman@Buzzster.org, 2-838-688-16-15, Developer #{N}, 8, 32
43, Janet, West, lHudson@Babblestorm.info, 197-97-29, Internal Auditor, 2, 10
44, Harry, Kelley, reprehenderit_adipisci_odio@Zoomlounge.mil, 998-59-68, Account Executive, 4, 20
45, Susan, Mcdonald, quaerat_minus@Topdrive.edu, 5-005-758-89-34, General Manager, 2, 38
46, Frank, Long, LouisAlexander@Digitube.mil, 390-25-33, Legal Assistant, 9, 29
47, Annie, Cooper, NormaRiley@Topicware.gov, 937-34-15, Software Engineer #{N}, 7, 28
48, Benjamin, Russell, mPalmer@Quinu.edu, 4-423-006-40-49, Accounting Assistant #{N}, 1, 8
49, Gregory, Mitchell, DavidPerez@Kwinu.net, 895-34-00, Senior Editor, 3, 42
50, Louis, Cunningham, RachelRice@Feedmix.gov, 935-95-59, Project Manager, 6, 49
51, Andrew, Jacobs, velit_modi@Divavu.info, 9-622-407-52-14, Marketing Assistant, 6, 50
52, Amanda, Gonzales, AndreaVasquez@Skinte.gov, 421-47-40, Administrative Assistant #{N}, 6, 10
53, Philip, Snyder, dolor_sed@Gabvine.biz, 297-77-66, Administrative Assistant #{N}, 8, 50
54, Jessica, Edwards, 9Davis@Avamm.biz, 0-080-317-15-63, Health Coach #{N}, 1, 50
55, Larry, Bailey, officia_minima@Quaxo.edu, 062-41-52, Help Desk Operator, 1, 43
56, Billy, Wood, uRussell@Mudo.edu, 6-153-918-56-77, Nurse, 9, 50
57, Dorothy, Carter, pariatur_sapiente_sapiente@Yoveo.gov, 4-261-749-31-09, Account Representative #{N}, 2, 30
58, Nicole, Peters, et_in_saepe@Agimba.name, 0-206-256-96-74, Senior Editor, 5, 28
59, Wanda, Stevens, aliquam_velit_blanditiis@Divanoodle.mil, 7-445-918-23-32, Data Coordinator, 8, 59
60, Sandra, Cruz, JeanHansen@Rhybox.org, 771-11-98, Professor, 2, 55
61, Nancy, Austin, aut_sequi@Rhyzio.edu, 078-37-39, Teacher, 7, 44
62, Gregory, Hall, sit@Bubblemix.gov, 951-91-99, Marketing Assistant, 2, 2
63, Dorothy, Sullivan, sequi_consequatur@Centimia.edu, 760-53-91, Structural Analysis Engineer, 7, 7
64, Barbara, Richards, SarahBishop@Kazu.name, 017-63-58, Social Worker, 4, 15
65, Lori, Nichols, rBanks@Twitterbridge.info, 197-93-83, Director of Sales, 10, 12
66, Lillian, Campbell, MargaretRussell@Eadel.org, 168-21-97, Recruiter, 3, 58
67, Michelle, Williams, lWilliamson@Trudoo.com, 6-245-854-67-00, Geological Engineer, 6, 3
68, Jennifer, Sanders, ipsum_quo@Photobug.com, 1-875-590-10-22, Account Executive, 8, 6
69, Mildred, Wallace, in_unde_molestiae@Gigashots.edu, 6-511-949-81-46, Computer Systems Analyst #{N}, 9, 45
70, Martin, Rogers, atque_et@Twitterbeat.gov, 9-907-421-31-43, Human Resources Assistant #{N}, 5, 54
71, Ronald, Watkins, tBlack@Thoughtbeat.net, 177-39-75, Nurse, 5, 37
72, Andrea, Phillips, 1Harvey@Gabtune.info, 124-90-87, Chief Design Engineer, 3, 53
73, Willie, Day, doloribus_officia@Dabtype.org, 670-32-82, Help Desk Operator, 7, 44
74, Janice, Coleman, bFord@Skajo.biz, 4-779-895-83-44, Chemical Engineer, 1, 37
75, Paula, Lawson, consequatur@Voonix.biz, 8-182-032-92-69, Civil Engineer, 2, 27
76, Wanda, Gonzalez, dolor_vel@Geba.info, 7-024-643-63-42, Information Systems Manager, 1, 40
77, Larry, Harrison, eRoberts@Oyondu.mil, 5-218-412-46-17, Desktop Support Technician, 5, 76
78, Terry, Oliver, DouglasWatson@Feednation.edu, 5-389-273-65-90, Geological Engineer, 6, 62
79, Walter, Cooper, StephenRyan@Photobean.name, 6-271-310-39-10, Senior Editor, 2, 45
80, Louis, Dean, AmyWood@Skinix.gov, 984-56-96, Paralegal, 3, 19
81, Randy, Allen, commodi@Feednation.biz, 033-74-92, Physical Therapy Assistant, 8, 73
82, Martha, Payne, tJacobs@Trupe.info, 574-07-82, Automation Specialist #{N}, 9, 19
83, Shirley, Roberts, hDaniels@Skilith.net, 059-83-49, Food Chemist, 3, 37
84, Barbara, Robertson, ratione_velit@Vidoo.name, 6-817-583-01-95, Assistant Professor, 3, 37
85, Douglas, Richardson, TimothyEllis@Edgeclub.com, 560-85-40, Help Desk Operator, 4, 49
86, Frank, Shaw, MichaelMartinez@Fivebridge.info, 221-02-06, Sales Representative, 7, 57
87, Kathleen, Arnold, illum_voluptas_fuga@Voonte.org, 540-81-48, Compensation Analyst, 6, 34
88, Kimberly, Hamilton, hOwens@Divanoodle.biz, 5-111-737-86-95, Junior Executive, 5, 83
89, Amanda, Powell, SamuelSmith@Thoughtsphere.biz, 3-355-099-80-65, Financial Analyst, 8, 49
90, Margaret, Schmidt, fFranklin@Viva.com, 2-272-208-66-04, Developer #{N}, 2, 60
91, Victor, Robertson, CarlosRamirez@Buzzdog.edu, 1-541-969-77-65, Sales Associate, 1, 54
92, Maria, Ross, quibusdam@Thoughtsphere.org, 3-980-644-28-81, Graphic Designer, 1, 32
93, Billy, Bailey, DianeLewis@Fanoodle.info, 5-897-950-92-50, Software Consultant, 1, 49
94, Kenneth, Porter, pShaw@Devcast.net, 0-707-577-84-75, VP Product Management, 1, 35
95, Jessica, Berry, 2Carroll@Tagopia.info, 2-917-252-68-10, Payment Adjustment Coordinator, 8, 76
96, Anna, Sanchez, AdamFisher@Plajo.org, 912-46-19, Data Coordinator, 6, 51
97, Ernest, Burns, tBennett@Leexo.name, 3-093-641-59-08, Help Desk Technician, 10, 13
98, Willie, Sanchez, et@LiveZ.com, 0-838-983-44-44, Biostatistician #{N}, 9, 11
99, Eric, Nguyen, pSims@Cogibox.mil, 7-697-514-85-10, Executive Secretary, 6, 88
100, Joan, Payne, MichaelGarza@Myworks.edu, 0-422-806-84-22, VP Marketing, 1, 57
